-- MySQL dump 10.13  Distrib 5.7.36, for Linux (x86_64)
--
-- Host: localhost    Database: elearning
-- ------------------------------------------------------
-- Server version	5.7.36-0ubuntu0.18.04.1

/*!40101 SET @OLD_CHARACTER_SET_CLIENT=@@CHARACTER_SET_CLIENT */;
/*!40101 SET @OLD_CHARACTER_SET_RESULTS=@@CHARACTER_SET_RESULTS */;
/*!40101 SET @OLD_COLLATION_CONNECTION=@@COLLATION_CONNECTION */;
/*!40101 SET NAMES utf8 */;
/*!40103 SET @OLD_TIME_ZONE=@@TIME_ZONE */;
/*!40103 SET TIME_ZONE='+00:00' */;
/*!40014 SET @OLD_UNIQUE_CHECKS=@@UNIQUE_CHECKS, UNIQUE_CHECKS=0 */;
/*!40014 SET @OLD_FOREIGN_KEY_CHECKS=@@FOREIGN_KEY_CHECKS, FOREIGN_KEY_CHECKS=0 */;
/*!40101 SET @OLD_SQL_MODE=@@SQL_MODE, SQL_MODE='NO_AUTO_VALUE_ON_ZERO' */;
/*!40111 SET @OLD_SQL_NOTES=@@SQL_NOTES, SQL_NOTES=0 */;

--
-- Table structure for table `answers`
--

DROP TABLE IF EXISTS `answers`;
/*!40101 SET @saved_cs_client     = @@character_set_client */;
/*!40101 SET character_set_client = utf8 */;
CREATE TABLE `answers` (
  `username` varchar(255) NOT NULL,
  `type` varchar(500) NOT NULL,
  `status` varchar(50) NOT NULL DEFAULT 'latest',
  `updated` timestamp NOT NULL DEFAULT CURRENT_TIMESTAMP ON UPDATE CURRENT_TIMESTAMP,
  `answer` text NOT NULL,
  `grade` float(4,1) NOT NULL DEFAULT '0.0',
  PRIMARY KEY (`username`,`type`,`status`)
) ENGINE=InnoDB DEFAULT CHARSET=latin1;
/*!40101 SET character_set_client = @saved_cs_client */;

--
-- Dumping data for table `answers`
--

LOCK TABLES `answers` WRITE;
/*!40000 ALTER TABLE `answers` DISABLE KEYS */;
INSERT INTO `answers` VALUES ('testreg13','pretest','latest','2021-05-22 14:32:08','{\"id\":66,\"answer\":[1]},{\"id\":72,\"answer\":[0]},{\"id\":90,\"answer\":[1]},{\"id\":93,\"answer\":[0]},{\"id\":109,\"answer\":[0]},{\"id\":111,\"answer\":[0]},{\"id\":122,\"answer\":[1]},{\"id\":124,\"answer\":[1]},{\"id\":129,\"answer\":[0]},{\"id\":134,\"answer\":[0]}',0.0),('testreg13','Quiz Etika dan Keberagaman','latest','2021-05-22 15:31:00','[{\"id\":116,\"answer\":[0]},{\"id\":118,\"answer\":[1]},{\"id\":120,\"answer\":[0]},{\"id\":121,\"answer\":[0]},{\"id\":122,\"answer\":[1]}]',100.0),('testreg13','Quiz Kesenjangan Generasi','latest','2021-05-22 15:31:45','[{\"id\":65,\"answer\":[1]},{\"id\":66,\"answer\":[1]},{\"id\":68,\"answer\":[0]},{\"id\":70,\"answer\":[1]},{\"id\":73,\"answer\":[0]}]',100.0),('testreg13','Quiz Komunikasi Dalam Mentoring','archived_20210522223821','2021-05-22 15:38:21','[{\"id\":85,\"answer\":[0]},{\"id\":89,\"answer\":[1]},{\"id\":90,\"answer\":[0]},{\"id\":92,\"answer\":[0]},{\"id\":93,\"answer\":[0]}]',60.0),('testreg13','Quiz Komunikasi Dalam Mentoring','latest','2021-05-22 15:38:21','[{\"id\":85,\"answer\":[0]},{\"id\":89,\"answer\":[1]},{\"id\":90,\"answer\":[0]},{\"id\":92,\"answer\":[0]},{\"id\":93,\"answer\":[0]}]',60.0),('testreg13','Quiz Memberikan Evaluasi dan Umpan Balik','latest','2021-05-22 15:39:20','[{\"id\":126,\"answer\":[2]},{\"id\":127,\"answer\":[2]},{\"id\":129,\"answer\":[0]},{\"id\":131,\"answer\":[1]},{\"id\":134,\"answer\":[0]}]',80.0),('testreg13','Quiz Mengelolah Stress dan Konflik','latest','2021-05-22 15:41:02','[{\"id\":107,\"answer\":[0]},{\"id\":109,\"answer\":[0]},{\"id\":112,\"answer\":[0]},{\"id\":113,\"answer\":[0]},{\"id\":114,\"answer\":[0]}]',100.0),('testreg13','Quiz Mengenal Kepribadian','latest','2021-05-22 15:41:59','[{\"id\":55,\"answer\":[2]},{\"id\":59,\"answer\":[0]},{\"id\":61,\"answer\":[1]},{\"id\":62,\"answer\":[0]},{\"id\":63,\"answer\":[0]}]',100.0),('testreg13','Quiz Menyimak Aktif','latest','2021-05-22 15:42:33','[{\"id\":76,\"answer\":[2]},{\"id\":77,\"answer\":[1]},{\"id\":78,\"answer\":[0]},{\"id\":82,\"answer\":[0]},{\"id\":84,\"answer\":[0]}]',80.0),('testreg13','Quiz Pemagangan dan Mentoring','latest','2021-05-22 15:42:54','[{\"id\":38,\"answer\":[0]},{\"id\":40,\"answer\":[1]},{\"id\":41,\"answer\":[0]},{\"id\":43,\"answer\":[0]},{\"id\":44,\"answer\":[0]}]',100.0),('testreg13','Quiz Pengelolahan Mentoring','latest','2021-05-22 15:43:22','[{\"id\":45,\"answer\":[2]},{\"id\":46,\"answer\":[0]},{\"id\":50,\"answer\":[1]},{\"id\":52,\"answer\":[0]},{\"id\":54,\"answer\":[0]}]',100.0),('testreg13','Quiz Penyelesaian Masalah','archived_20210522230159','2021-05-22 16:01:59','[{\"id\":96,\"answer\":[2]},{\"id\":98,\"answer\":[2]},{\"id\":100,\"answer\":[2]},{\"id\":102,\"answer\":[2]},{\"id\":104,\"answer\":[2]}]',0.0),('testreg13','Quiz Penyelesaian Masalah','latest','2021-05-22 16:01:59','[{\"id\":96,\"answer\":[0]},{\"id\":98,\"answer\":[0]},{\"id\":100,\"answer\":[0]},{\"id\":102,\"answer\":[0]},{\"id\":104,\"answer\":[0]}]',80.0);
/*!40000 ALTER TABLE `answers` ENABLE KEYS */;
UNLOCK TABLES;

--
-- Table structure for table `course_contents`
--

DROP TABLE IF EXISTS `course_contents`;
/*!40101 SET @saved_cs_client     = @@character_set_client */;
/*!40101 SET character_set_client = utf8 */;
CREATE TABLE `course_contents` (
  `course_content_id` int(11) NOT NULL AUTO_INCREMENT,
  `course_id` int(11) NOT NULL DEFAULT '0',
  `type` varchar(20) NOT NULL DEFAULT '',
  `title` varchar(255) NOT NULL DEFAULT '',
  `permalink` varchar(255) NOT NULL DEFAULT '',
  `content` text NOT NULL,
  `section_name` varchar(255) NOT NULL DEFAULT '',
  `section_desc` varchar(255) NOT NULL DEFAULT '',
  `duration` int(11) NOT NULL DEFAULT '0',
  PRIMARY KEY (`course_content_id`),
  UNIQUE KEY `course_contents_permalink_uindex` (`permalink`)
) ENGINE=InnoDB AUTO_INCREMENT=44 DEFAULT CHARSET=latin1;
/*!40101 SET character_set_client = @saved_cs_client */;

--
-- Dumping data for table `course_contents`
--

LOCK TABLES `course_contents` WRITE;
/*!40000 ALTER TABLE `course_contents` DISABLE KEYS */;
INSERT INTO `course_contents` VALUES (1,1,'video','Pemagangan dan Mentoring','etika-dan-keragaman','etika-dan-keragaman.mp4','Modul 1','Pemagangan dan Mentoring',447),(25,1,'video','Pengelolahan Mentoring','pengelolahan-mentoring','komunikasi-dalam-mentoring.mp4','Modul 2','Pengelolahan Mentoring',440),(26,1,'video','Mengenal Kepribadian','mengenal-kepribadian','komunikasi-dalam-mentoring.mp4','Modul 3','Mengenal Kepribadian',440),(27,1,'video','Kesenjangan Generasi','kesenjangan-generasi','komunikasi-dalam-mentoring.mp4','Modul 4','Kesenjangan Generasi',440),(28,1,'video','Menyimak Aktif','menyimak-aktif','komunikasi-dalam-mentoring.mp4','Modul 5','Menyimak Aktif',440),(29,1,'video','Komunikasi dalam Mentoring','komunikasi-dalam-mentoring','komunikasi-dalam-mentoring.mp4','Modul 6','Komunikasi dalam Mentoring',440),(30,1,'video','Penyelesaian Masalah','penyelesaian-masalah','komunikasi-dalam-mentoring.mp4','Modul 7','Penyelesaian Masalah',440),(31,1,'video','Mengelolah Stress dan Konflik','mengelolah-stress-dan-konflik','komunikasi-dalam-mentoring.mp4','Modul 8','Mengelolah Stress dan Konflik',440),(32,1,'video','Etika dan Keberagaman','etika-dan-keberagaman','komunikasi-dalam-mentoring.mp4','Modul 9','Etika dan Keberagaman',440),(33,1,'video','Memberikan Evaluasi dan Umpan Balik','memberikan-evaluasi-dan-umpang-balik','komunikasi-dalam-mentoring.mp4','Modul 10','Memberikan Evaluasi dan Umpan Balik',440),(34,1,'quiz','Quiz Pemagangan dan Mentoring','quiz-pemagangan-dan-mentoring','','Modul 1','Pemagangan dan Mentoring',0),(35,1,'quiz','Quiz Pengelolaan Mentoring','quiz-pengelolaan-mentoring','','Modul 2','Pengelolahan Mentoring',0),(36,1,'quiz','Quiz Mengenal Kepribadian','quiz-mengenal-kepribadian','','Modul 3','Mengenal Kepribadian',0),(37,1,'quiz','Quiz Kesenjangan Generasi','quiz-kesenjangan-generasi','','Modul 4','Kesenjangan Generasi',0),(38,1,'quiz','Quiz Menyimak Aktif','quiz-menyimak-aktif','','Modul 5','Menyimak Aktif',0),(39,1,'quiz','Quiz Komunikasi Dalam Mentoring','quiz-komunikasi-dalam-mentoring','','Modul 6','Komunikasi dalam Mentoring',0),(40,1,'quiz','Quiz Penyelesaian Masalah','quiz-penyelesaian-masalah','','Modul 7','Penyelesaian Masalah',0),(41,1,'quiz','Quiz Mengelolah Stress dan Konflik','quiz-mengelolah-stress-dan-konflik','','Modul 8','Mengelolah Stress dan Konflik',0),(42,1,'quiz','Quiz Etika dan Keberagaman','quiz-etika-dan-keberagaman','','Modul 9','Etika dan Keberagaman',0),(43,1,'quiz','Quiz Memberikan Evaluasi dan Umpan Balik','quiz-memberikan-evaluasi-dan-umpan-balik','','Modul 10','Memberikan Evaluasi dan Umpan Balik',0);
/*!40000 ALTER TABLE `course_contents` ENABLE KEYS */;
UNLOCK TABLES;

--
-- Table structure for table `course_contents_progress`
--

DROP TABLE IF EXISTS `course_contents_progress`;
/*!40101 SET @saved_cs_client     = @@character_set_client */;
/*!40101 SET character_set_client = utf8 */;
CREATE TABLE `course_contents_progress` (
  `username` varchar(255) NOT NULL DEFAULT '',
  `course_content_id` int(11) NOT NULL DEFAULT '0',
  `progress_time` int(11) NOT NULL DEFAULT '0',
  PRIMARY KEY (`username`,`course_content_id`)
) ENGINE=InnoDB DEFAULT CHARSET=latin1 COMMENT='this table contain user lesson progress';
/*!40101 SET character_set_client = @saved_cs_client */;

--
-- Dumping data for table `course_contents_progress`
--

LOCK TABLES `course_contents_progress` WRITE;
/*!40000 ALTER TABLE `course_contents_progress` DISABLE KEYS */;
INSERT INTO `course_contents_progress` VALUES ('andi',1,0),('testreg13',1,0),('testreg13',25,0),('testreg13',26,0),('testreg13',27,0),('testreg13',28,0),('testreg13',29,0),('testreg13',30,0),('testreg13',31,0),('testreg13',32,0),('testreg13',33,0),('testreg13',34,0),('testreg13',35,0),('testreg13',36,0),('testreg13',37,0),('testreg13',38,0),('testreg13',39,0),('testreg13',40,0),('testreg13',41,0),('testreg13',42,0),('testreg13',43,0);
/*!40000 ALTER TABLE `course_contents_progress` ENABLE KEYS */;
UNLOCK TABLES;

--
-- Table structure for table `course_contents_split`
--

DROP TABLE IF EXISTS `course_contents_split`;
/*!40101 SET @saved_cs_client     = @@character_set_client */;
/*!40101 SET character_set_client = utf8 */;
CREATE TABLE `course_contents_split` (
  `content_id` int(11) NOT NULL,
  `video_file` varchar(255) NOT NULL,
  `quiz_choices` text NOT NULL,
  `quiz_answer` varchar(255) NOT NULL,
  `content_order` int(11) NOT NULL
) ENGINE=InnoDB DEFAULT CHARSET=latin1;
/*!40101 SET character_set_client = @saved_cs_client */;

--
-- Dumping data for table `course_contents_split`
--

LOCK TABLES `course_contents_split` WRITE;
/*!40000 ALTER TABLE `course_contents_split` DISABLE KEYS */;
INSERT INTO `course_contents_split` VALUES (1,'Modul1-Kasus1.mp4','','',1),(1,'Modul1-KasusNarasi2.mp4','','',4),(1,'Modul1-Narasi1.mp4','','',3),(25,'Modul2-Kasus.mp4','','',1),(25,'Modul2-Narasi.mp4','','',2),(28,'Modul5-Scene1-Kasus.mp4','','',1),(28,'Modul5-Scene1-Narasi.mp4','','',3),(28,'Modul5-Scene2-Kasus.mp4','','',4),(28,'Modul5-Scene2-Narasi.mp4','','',6),(28,'','{\"type\":\"text\",\"options\":[\"A\",\"B\",\"C\",\"D\"]}','[2]',2),(28,'','{\"type\":\"text\",\"options\":[\"A\",\"B\",\"C\",\"D\"]}','[0]',5),(33,'Modul10-KasusNarasi.mp4','','',1),(27,'Modul 4 - Scene 1 - Kasus.mp4','','',1),(27,'Modul 4 - Scene 1 - Narasi.mp4','','',3),(27,'','{\"type\":\"text\",\"options\":[\"A\",\"B\",\"C\",\"D\"]}','[1]',2),(26,'Modul 3 - Scene 1 - Kasus.mp4','','',1),(26,'','{\"type\":\"text\",\"options\":[\"A\",\"B\",\"C\",\"D\"]}','[3]',2),(26,'Modul 3 - Scene 1 - Narasi.mp4','','',3),(26,'Modul 3 - Scene 2 - Kasus.mp4','','',4),(26,'','{\"type\":\"text\",\"options\":[\"A\",\"B\",\"C\",\"D\"]}','[0]',5),(26,'Modul 3 - Scene 2 - Narasi.mp4','','',6),(30,'Modul7-KasusNarasi.mp4','','',1),(29,'Modul6-Scene1-Kasus.mp4','','',1),(29,'Modul6-Scene1-Narasi.mp4','','',3),(29,'Modul6-Scene2-Kasus.mp4','','',4),(29,'Modul6-Scene2-Narasi.mp4','','',6),(29,'','{\"type\":\"text\",\"options\":[\"A\",\"B\",\"C\",\"D\"]}','[3]',2),(29,'','{\"type\":\"text\",\"options\":[\"A\",\"B\",\"C\",\"D\"]}','[1]',5);
/*!40000 ALTER TABLE `course_contents_split` ENABLE KEYS */;
UNLOCK TABLES;

--
-- Table structure for table `course_participants`
--

DROP TABLE IF EXISTS `course_participants`;
/*!40101 SET @saved_cs_client     = @@character_set_client */;
/*!40101 SET character_set_client = utf8 */;
CREATE TABLE `course_participants` (
  `course_id` int(11) NOT NULL,
  `username` varchar(20) NOT NULL DEFAULT '',
  `status` tinyint(1) NOT NULL
) ENGINE=InnoDB DEFAULT CHARSET=latin1;
/*!40101 SET character_set_client = @saved_cs_client */;

--
-- Dumping data for table `course_participants`
--

LOCK TABLES `course_participants` WRITE;
/*!40000 ALTER TABLE `course_participants` DISABLE KEYS */;
INSERT INTO `course_participants` VALUES (1,'aubree',1),(1,'ruby125224',2),(1,'johndoe',2),(1,'testreg03',1),(1,'andi',2),(1,'testreg13',2),(2,'testreg13',1),(3,'testreg13',0),(4,'testreg13',0),(5,'testreg13',0),(2,'andi',0);
/*!40000 ALTER TABLE `course_participants` ENABLE KEYS */;
UNLOCK TABLES;

--
-- Table structure for table `courses`
--

DROP TABLE IF EXISTS `courses`;
/*!40101 SET @saved_cs_client     = @@character_set_client */;
/*!40101 SET character_set_client = utf8 */;
CREATE TABLE `courses` (
  `id` int(11) NOT NULL AUTO_INCREMENT,
  `alias` varchar(255) NOT NULL DEFAULT '',
  `title` varchar(255) NOT NULL DEFAULT '',
  `subtitle` text NOT NULL,
  `thumbnail` varchar(255) NOT NULL DEFAULT '',
  PRIMARY KEY (`id`),
  UNIQUE KEY `courses_alias_uindex` (`alias`)
) ENGINE=InnoDB AUTO_INCREMENT=2 DEFAULT CHARSET=latin1;
/*!40101 SET character_set_client = @saved_cs_client */;

--
-- Dumping data for table `courses`
--

LOCK TABLES `courses` WRITE;
/*!40000 ALTER TABLE `courses` DISABLE KEYS */;
INSERT INTO `courses` VALUES (1,'01-pemagangan-dan-mentoring','Pemagangan dan Mentoring','Memberikan pemahaman tentang pemagangan berbasis kerja dan mentoring sebagai bagian dari proses pembinaan dan pengembangan peserta pemagangan','managin-as-a-coach.png');
/*!40000 ALTER TABLE `courses` ENABLE KEYS */;
UNLOCK TABLES;

--
-- Table structure for table `questions`
--

DROP TABLE IF EXISTS `questions`;
/*!40101 SET @saved_cs_client     = @@character_set_client */;
/*!40101 SET character_set_client = utf8 */;
CREATE TABLE `questions` (
  `id` int(11) NOT NULL AUTO_INCREMENT,
  `module` varchar(255) NOT NULL DEFAULT '',
  `type` varchar(20) DEFAULT NULL,
  `attachment_type` varchar(10) DEFAULT '',
  `attachment` varchar(255) DEFAULT '',
  `question` text,
  `choices` text,
  `answer` varchar(255) DEFAULT NULL,
  PRIMARY KEY (`id`)
) ENGINE=InnoDB AUTO_INCREMENT=135 DEFAULT CHARSET=latin1;
/*!40101 SET character_set_client = @saved_cs_client */;

--
-- Dumping data for table `questions`
--

LOCK TABLES `questions` WRITE;
/*!40000 ALTER TABLE `questions` DISABLE KEYS */;
INSERT INTO `questions` VALUES (1,'prepost','multiple_choice','','','How many Wisconsin Educator Standards need to be included on a PDP?','{\"type\":\"text\",\"options\":[\"Ten or more\",\"One\",\"At least five\",\"At least two\"]}','[3]'),(2,'prepost','multiple_choice','','','How many people are needed to form the PDP review team?','{\"type\":\"text\",\"options\":[\"3\",\"7\",\"5\",\"9\"]}','[0]'),(3,'prepost','multiple_choice','','','What are the three types of reviewers needed to review an initial educator\'s PDP?','{\"type\":\"text\",\"options\":[\"A mentor, a teacher, and a priest\",\"A higher education person, a teacher and an administrator\",\"A teacher, an administrator and a student\",\"A student, a parent, and a school board rep\"]}','[1]'),(4,'prepost','multiple_choice','','','Who must find the PDP reviewer team?','{\"type\":\"text\",\"options\":[\"The school administrator\",\"WECAN\",\"The mentor\",\"The mentee (teacher)\"]}','[3]'),(5,'prepost','multiple_choice','','','Who is the PDP \"go to\" person at SCHS?','{\"type\":\"text\",\"options\":[\"Kim Bakeberg\",\"Bob Smits\",\"Brian Johnson\",\"Matt Brunette\"]}','[3]'),(6,'prepost','multiple_choice','','','Select the word that is different from the others','{\"type\":\"text\",\"options\":[\"ample\",\"coin\",\"token\",\"change\"]}','[2]'),(7,'prepost','multiple_choice','','','Over the course of two weeks, Al spent $105.00 on lunch. What was the average cost per day?','{\"type\":\"text\",\"options\":[\"$7.25\",\"$5.75\",\"$7.50\",\"$8.05\"]}','[1]'),(8,'prepost','multiple_choice','','','If the first two statements are true, the third statement is true? false? not certain?','{\"type\":\"text\",\"options\":[\"True\",\"false\",\"Not Certain\"]}','[2]'),(9,'prepost','multiple_choice','','','A girl is 21 years old and her brother is a third her age. When the girl is 36, what will be the age of her brother?','{\"type\":\"text\",\"options\":[\"27\",\"17\",\"12\",\"22\"]}','[1]'),(10,'prepost','multiple_choice','','','Sand is to beach as ____ is to road','{\"type\":\"text\",\"options\":[\"signs\",\"cars\",\"paint\",\"ashpalt\"]}','[3]'),(11,'prepost','multiple_choice','','','MONSOON AGATE. These words are:','{\"type\":\"text\",\"options\":[\"opposite\",\"unable to answer\",\"similar\",\"not related\"]}','[1]'),(12,'prepost','multiple_choice','','','How many ounces are in a pound and a half?','{\"type\":\"text\",\"options\":[\"16\",\"18\",\"32\",\"24\"]}','[3]'),(13,'prepost','multiple_choice','','','Which word does not belong?','{\"type\":\"text\",\"options\":[\"abhor\",\"enamored\",\"love\",\"attract\"]}','[0]'),(14,'prepost','multiple_choice','','','How many sides does a septagon have?','{\"type\":\"text\",\"options\":[\"7\",\"16\",\"5\",\"8\"]}','[3]'),(15,'prepost','multiple_choice','','','Miguel found it impossible to _________ himself from his mangled car after the accident.','{\"type\":\"text\",\"options\":[\"extricate\",\"defend\",\"complicate\",\"ashinitiatepalt\",\"dispose\"]}','[1]'),(33,'prepost','multiple_choice','','','question adas asda sdd ?','{\"type\":\"text\",\"options\":[\"precarious\",\"obtuse\",\"hazard\",\"perilous\"]}','[3]'),(35,'Quiz Pemagangan dan Mentoring','multiple_choice','','','Perbedaan Aprenticeship dan Internship adalah:','{\"type\":\"text\",\"options\":[\"Aprenticeship memberikan keahlian kerja, Internship Memberikan pengalaman kerja\",\"Aprenticeship ada praktek kerja , Internship tidak ada praktek kerja\",\"Aprenticeship memiliki jangka waktu pendek, \"Internship memiliki jangka waktu panjang\"]}','[0]'),(36,'Quiz Pemagangan dan Mentoring','multiple_choice','','','Apprenticeship dibagi menjadi 2 yaitu','{\"type\":\"text\",\"options\":[\"Berbasis Pendidikan dan Industri\",\"Berbasis Jam Kerja dan Evaluasi\",\"Berbasis Target dan Persyaratan\"]}','[0]'),(37,'Quiz Pemagangan dan Mentoring','multiple_choice','','','Selain pengetahuan dan ketrampilan manfaat lain pemagangan adalah','{\"type\":\"text\",\"options\":[\"Menyediakan pengalaman kerja yang sesungguhnya\",\"Menyediakan mentor\",\"Menyediakan Jadwal Pelatihan\"]}','[0]'),(38,'Quiz Pemagangan dan Mentoring','multiple_choice','','','Apprenticeship berbasis Industri, peserta magangnya adalah','{\"type\":\"text\",\"options\":[\"Pencari kerja, lulusan SMA/SMK yang tidak terikat dalam institusi pendidikan\",\"Peserta didik SMK atau Politeknik yang terikat dalam institusi pendidikan\",\"Boleh yang terikat dan tidak terikat institusi pendidikan\"]}','[0]'),(39,'Quiz Pemagangan dan Mentoring','multiple_choice','','','Apprenticeship berbasis Industri, memiliki durasi pemagangan','{\"type\":\"text\",\"options\":[\"3 bulan sd 6 bulan\",\"6 bulan hingga 1 tahun\",\"Tidak ada batas\"]}','[1]'),(40,'Quiz Pemagangan dan Mentoring','multiple_choice','','','Apprenticeship berbasis Pendidikan, kontrak pemagangan dilakukan antara','{\"type\":\"text\",\"options\":[\"Antara Industri dan Peserta\",\"Antara Industri dan Institusi pendidikan\",\"Antara Industri dan Industri\"]}','[1]'),(41,'Quiz Pemagangan dan Mentoring','multiple_choice','','','Persyaratan untuk menjadi Mentor dalam Pemagangan adalah','{\"type\":\"text\",\"options\":[\"Pekerja di perusahaan tempat magang yang memiliki pengalaman dan terlatih\",\"Konsultan di perusahaan tempat magang dengan kompetensi\",\"Bisa Pekerja atau Konsultan\"]}','[0]'),(42,'Quiz Pemagangan dan Mentoring','multiple_choice','','','Persyaratan untuk menjadi Mentor dalam Pemagangan adalah, kecuali','{\"type\":\"text\",\"options\":[\"Memiliki kompetensi dalam menyusun program pelatihan\",\"Memiliki kompetensi dalam penyajian materi\",\"Memiliki Kompetensi dalam memahami karakter\"]}','[1]'),(43,'Quiz Pemagangan dan Mentoring','multiple_choice','','','Mentoring adalah ','{\"type\":\"text\",\"options\":[\"Proses Membimbing dan melatih dalam kegiatan pemagangan\",\"Proses Mengevaluasi kinerja\",\"Proses Menempatkan pekerja\"]}','[0]'),(44,'Quiz Pemagangan dan Mentoring','multiple_choice','','','Tujuan dari Mentoring adalah','{\"type\":\"text\",\"options\":[\"Membantu peserta magang memperoleh ketrampilan dan pengetahuan serta sikap kerja\",\"Membantu peserta magang mendapatkan pekerjaan\",\"Membantu peserta magang agar lulus tes kerja\"]}','[0]'),(45,'Quiz Pengelolahan Mentoring','multiple_choice','','','Beberapa Materi yang perlu ada dalam Orientasi dan Induksi adalah, kecuali','{\"type\":\"text\",\"options\":[\"Gambaran Umum Perusahaan\",\"Visi dan Misi serta Budaya Perusahaan\",\"Kemampuan Berkomunikasi\"]}','[2]'),(46,'Quiz Pengelolahan Mentoring','multiple_choice','','','Dalam Pelaksanaan Proses Pemagangan, komposisi yang efektif adalah','{\"type\":\"text\",\"options\":[\"25% Teori, 75% Praktik Kerja\",\"50% Teori, 50% Praktik Kerja\",\"100% Praktik Kerja\"]}','[0]'),(47,'Quiz Pengelolahan Mentoring','multiple_choice','','','Mengapa mentor harus membuat rencana dan jadwal bagi peserta magang','{\"type\":\"text\",\"options\":[\"Agar proses Mentoring lebih Optimal\",\"Agar Proses mentoring sesuai aturan\",\"Agar terjadi pembagian tugas\"]}','[0]'),(48,'Quiz Pengelolahan Mentoring','multiple_choice','','','Seorang peserta Magang','{\"type\":\"text\",\"options\":[\"Peserta Magang mengenal dan mengetahui apa yang diharapkan tempat kerjanya\",\"Mendapatkan pengetahuan proses kerja\",\"Meningkatkan kemampuan berinteraksi\"]}','[0]'),(49,'Quiz Pengelolahan Mentoring','multiple_choice','','','Jadwal Pelatihan bagi peserta magang  terdiri dari','{\"type\":\"text\",\"options\":[\"Jadwal dan durasi pelatihan, jadwal pertemuan , jadwal evaluasi\",\"Jadwal jam masuk keluar kerja, Jadwal Istirahat, Jadwal makan siang\",\"Jadwal Laporan, Jadwal Persiapan dan Jadwal Evaluasi\"]}','[0]'),(50,'Quiz Pengelolahan Mentoring','multiple_choice','','','Manfaat Jurnal dan Log Book bagi peserta magang adalah','{\"type\":\"text\",\"options\":[\"Mengetahui jadwal belajar\",\"Mengetahui Kemajuan pelatihan yang dicapai\",\"Mengetahui pelajaran\"]}','[1]'),(51,'Quiz Pengelolahan Mentoring','multiple_choice','','','Manfaat bagi peserta Magang','{\"type\":\"text\",\"options\":[\"Peserta Magang tidak mendapat beban kerja terlalu banyak atau sebaliknya\",\"Jadwal belajar menjadi lebih efektif\",\"Peserta Magang mampu mengamati proses kerja\"]}','[0]'),(52,'Quiz Pengelolahan Mentoring','multiple_choice','','','Urutan pemberian tugas secara bertahap bagi peserta magang dibawah ini benar ','{\"type\":\"text\",\"options\":[\"Mulai Mengamati Proses hingga melakukan sendiri\",\"Mulai dari yang berresiko rendah hingga yang lebih tinggi\",\"Mulai dari jadwal dan evaluasi\"]}','[0]'),(53,'Quiz Pengelolahan Mentoring','multiple_choice','','','Seorang mentor harus melakukan observasi langsung kepada peserta magang agar','{\"type\":\"text\",\"options\":[\"Mentor dapat melihat proses dan hasil kerja peserta magang\",\"Mentor mengenal lebih dekat peserta magang\",\"Mentor memahami karakter peserta magang\"]}','[0]'),(54,'Quiz Pengelolahan Mentoring','multiple_choice','','','Manfaat seorang mentor membuat rotasi tugas bagi peserta magang  adalah','{\"type\":\"text\",\"options\":[\"Peserta magang dapat mempelajari ketrampilan berbeda\",\"Peserta Magang tidak mudah bosan\",\"Peserta Magang memiliki banyak teman\"]}','[0]'),(55,'Quiz Mengenal Kepribadian','multiple_choice','','','Bagaimana mengoptimalkan Peserta Magang dengan Tipe D (Dominan)','{\"type\":\"text\",\"options\":[\"Memberi Tugas dengan tenggat waktu tidak ketat\",\"Gunakan penjelasan yang terperinci\",\"Berikan pujian dan penghargaan\"]}','[2]'),(56,'Quiz Mengenal Kepribadian','multiple_choice','','','Bagaimana mengoptimalkan Peserta Magang dengan Tipe I (Influence)','{\"type\":\"text\",\"options\":[\"Gunakan Pendekatan Pribadi\",\"Berikan Pujian dan Penghargaan\",\"Jangan buat perubahan yang cepat\"]}','[2]'),(57,'Quiz Mengenal Kepribadian','multiple_choice','','','Bagaimana mengoptimalkan Peserta Magang dengan Tipe S (Steadiness)','{\"type\":\"text\",\"options\":[\"Siapkan data dan informasi yang akurat sebelum memberi tugas\",\"Gunakan pendekakatan pribadi\",\"Berikan tantangan\"]}','[0]'),(58,'Quiz Mengenal Kepribadian','multiple_choice','','','Bagaimana mengoptimalkan Peserta Magang dengan Tipe C (Compliance)','{\"type\":\"text\",\"options\":[\"Tipe D (Dominan)\",\"Tipe I (Influence)\",\"Tipe S (Steadiness)\"]}','[0]'),(59,'Quiz Mengenal Kepribadian','multiple_choice','','','Salah satu peserta magang, senantiasa suka mengatur temannya, dan banyak bicara, kecenderungan Tipe peserta magang ini adalah','{\"type\":\"text\",\"options\":[\"Tipe D (Dominan)\",\"Tipe I (Influence)\",\"Tipe C (Compliance)\"]}','[0]'),(60,'Quiz Mengenal Kepribadian','multiple_choice','','','Salah satu peserta magang, senantiasa ceria , ekspresif dan mudah bergaul, kecenderungan Tipe peserta magang ini adalah\nseorang mentor memiliki kemampuan dan pengalaman dalam bidangnya, bagian ini adalah','{\"type\":\"text\",\"options\":[\"Mentor perlu memiliki jadwal dan target\",\"Mentor perlu lebih menahan diri dan sabar\",\"Mentor harus lebih akurat\"]}','[1]'),(61,'Quiz Mengenal Kepribadian','multiple_choice','','','Seorang Peserta Magang dan Mentor memiliki tipe yang sama, dominan dan suka mengatur, apa yang sebaiknya dilakukan Mentor','{\"type\":\"text\",\"options\":[\"Mentor perlu memiliki jadwal dan target\",\"Mentor perlu lebih menahan diri dan sabar\",\"Mentor harus lebih akurat\"]}','[1]'),(62,'Quiz Mengenal Kepribadian','multiple_choice','','','Bila Mentor senantiasa mengubah aturan dengan cepat dan sering maka hal ini akan membuat tidak nyaman peserta magang tipe','{\"type\":\"text\",\"options\":[\"C (Compliance)\",\"I (Influence)\",\"D (Dominan)\"]}','[0]'),(63,'Quiz Mengenal Kepribadian','multiple_choice','','','Bila mentor membuat suasana bekerja , tenang, tanpa interaksi dengan orang lain sama sekali, maka hal ini akan membuat tidak nyaman peserta magang dengan tipe','{\"type\":\"text\",\"options\":[\"I (Influence)\",\"C (Compliance)\",\"S (Steadiness)\"]}','[0]'),(64,'Quiz Mengenal Kepribadian','multiple_choice','','','Pentingnya memahami kepribadian manusia untuk membantu mentor agar','{\"type\":\"text\",\"options\":[\"Berinteraksi secara optimal\",\"Meningkatkan kemampuan komunikasi\",\"Memahami pekerjaan masing masing tipe\"]}','[0]'),(65,'Quiz Kesenjangan Generasi','multiple_choice','','','Perbedaan Generasi dalam pekerjaan akan menimbulkan perbedaan dalam','{\"type\":\"text\",\"options\":[\"Menerima Peraturan Pekerjaan\",\"Cara Berpikir, dan Pola Kerja\",\"Memahami orang lain\"]}','[1]'),(66,'Quiz Kesenjangan Generasi','multiple_choice','','','Bila Mentor seorang Baby Boomer dan Peserta Magang adalah Generasi Z, maka','{\"type\":\"text\",\"options\":[\"Mentor harus ketat dalam pengawasan\",\"Mentor harus lebih luwes dalam proses kerja\",\"Mentor harus lebih Baku dalam proses\"]}','[1]'),(67,'Quiz Kesenjangan Generasi','multiple_choice','','','Perbedaan cukup jelas antara Generasi X dan Generasi Z adalah','{\"type\":\"text\",\"options\":[\"Mentaati peraturan\",\"Ketergantungan pada Gawai\",\"Disiplin\"]}','[1]'),(68,'Quiz Kesenjangan Generasi','multiple_choice','','','Perbedaan yang sangat signifikan dari generasi veteran dan generasi Y adalah','{\"type\":\"text\",\"options\":[\"Generasi Y tumbuh bersama teknologi\",\"Generasi Y lebih suka berinteraksi secara bertemu\",\"Generasi Veteran lebih terbuka\"]}','[0]'),(69,'Quiz Kesenjangan Generasi','multiple_choice','','','Beberapa  cara berpikir dan sikap dari generasi X adalah','{\"type\":\"text\",\"options\":[\"Demokratis, suka interaksi social langsung\",\"Ingin serba cepat dan praktis\",\"Sangat tergantung pada teknologi\"]}','[0]'),(70,'Quiz Kesenjangan Generasi','multiple_choice','','','Bagaimana cara Mentor menyikapi Kesenjangan Generasi','{\"type\":\"text\",\"options\":[\"Menambah wawasan dan mengikuti perkembangan Trend IT\",\"Memahami Kepribadian\",\"Membuat aturan yang jelas\"]}','[1]'),(71,'Quiz Kesenjangan Generasi','multiple_choice','','','Generasi Y dan Z memiliki ciri sebagai berikut','{\"type\":\"text\",\"options\":[\"Senang interaksi social langsung\",\"Ingin serba cepat , mudah dan praktis\",\"Menjunjung adat dan tata krama\"]}','[1]'),(72,'Quiz Kesenjangan Generasi','multiple_choice','','','Saat mentor memberi penjelasan, terlihat Peserta Magang tidak mencatat, namun dia mendengarkan, dan ketika sang mentor bertanya kenapa tidak mencatat, ternyata peserta magang itu telah merekam penjelasan Mentor, apa sebaiknya sikap mentor','{\"type\":\"text\",\"options\":[\"Memberikan keleluasaan dalam proses belajar\",\"Menegur peserta magang\",\"Menghukum peserta magang\"]}','[0]'),(73,'Quiz Kesenjangan Generasi','multiple_choice','','','Bila seorang mentor mau mengerti harapan harapan peserta magang maka akan meningkatkan','{\"type\":\"text\",\"options\":[\"Batas Toleransi dan Sikap kepada Peserta magang\",\"Perhatian kepada peserta magang\",\"Pengetahuan dan Teknologi yang digunakan peserta magang\"]}','[0]'),(74,'Quiz Kesenjangan Generasi','multiple_choice','','','Apa yang sebaiknya dilakukan oleh seorang mentor dalam kesenjangan generasi, kecuali','{\"type\":\"text\",\"options\":[\"Cermati aturan dan proses kerja yang sudah tidak sesuai dengan karakter generasi\",\"Buat lingkungan kerja yang nyaman untuk bekerja bersamaan (multi tasking)\",\"Fokus kepada target yang telah ditetapkan oleh Mentor\"]}','[1]'),(75,'Quiz Menyimak Aktif','multiple_choice','','','Poin mana dibawah ini yang menunjang dalam proses menyimak','{\"type\":\"text\",\"options\":[\"Memilah milah\",\"Berempati\",\"Melamun\"]}','[1]'),(76,'Quiz Menyimak Aktif','multiple_choice','','','Menyimak aktif adalah kunci awal untuk','{\"type\":\"text\",\"options\":[\"Membangun Ikatan\",\"Meningkatkan komunikasi\",\"Memahami Pesan atau Permasalahan\"]}','[2]'),(77,'Quiz Menyimak Aktif','multiple_choice','','','Seorang peserta Magang begitu antusias dalam mempelajari pengetahuan yang diberikan','{\"type\":\"text\",\"options\":[\"Ekstrinsik\",\"Intrinsik\",\"Intrapersonal\"]}','[1]'),(78,'Quiz Menyimak Aktif','multiple_choice','','','Seorang peserta Magang, semangat untuk lembur karena mendapatkan uang lembur, semangat seperti ini umumnya karena termotivasi secara','{\"type\":\"text\",\"options\":[\"Ektrinsik\",\"Intrinsik\",\"Interpersonal\"]}','[0]'),(79,'Quiz Menyimak Aktif','multiple_choice','','','Cara lain memotivasi selain mengingatkan dan memberikan teladan adalah','{\"type\":\"text\",\"options\":[\"Memberikan catatan\",\"Menyiapkan lingkungan yang mendukung\",\"Mengkritisi\"]}','[1]'),(80,'Quiz Menyimak Aktif','multiple_choice','','','Bagaimana cara agar kita tahu penerima pesan memahami pesan yang kita kirimkan','{\"type\":\"text\",\"options\":[\"Membaca\",\"Memberi komentar\",\"Menyetujui\"]}','[1]'),(81,'Quiz Menyimak Aktif','multiple_choice','','','Kurang Percaya diri atau mengalami kesalahan dalam bekerja dapat membuat','{\"type\":\"text\",\"options\":[\"Merasa Sendiri\",\"Demotivasi\",\"Semangat\"]}','[1]'),(82,'Quiz Menyimak Aktif','multiple_choice','','','Beberapa saluran untuk memberi Kata kata yang menginspirasi adalah','{\"type\":\"text\",\"options\":[\"Media Pesan, Media Sosial\",\"Peraturan, SOP\",\"Surat Perjanjian\"]}','[0]'),(83,'Quiz Menyimak Aktif','multiple_choice','','','Bila motivasi peserta magang adalah mencari ilmu dan pengalaman, maka cara yang tepat untuk memotivasi adalah','{\"type\":\"text\",\"options\":[\"Berikan Penghargaan\",\"Berikan Insentif\",\"Berikan Tugas Menantang\"]}','[1]'),(84,'Quiz Menyimak Aktif','multiple_choice','','','Salah satu point penting yang membedakan antara menyimak aktif dengan mendengarkan adalah','{\"type\":\"text\",\"options\":[\"Menyimak dilakukan dengan Penuh Kesadaran\",\"Menyimak menggunakan telinga\",\"Menyimak dan mendengar sama\"]}','[2]'),(85,'Quiz Komunikasi Dalam Mentoring','multiple_choice','','','Langkah pertama dalam Penyelesaian Masalah adalah','{\"type\":\"text\",\"options\":[\"Membuat Rencana\",\"Merumuskan Masalah\",\"Mencari Solusi\"]}','[0]'),(86,'Quiz Komunikasi Dalam Mentoring','multiple_choice','','','Dalam pengambilan keputusan salah satu kunci keberhasilan adalah','{\"type\":\"text\",\"options\":[\"Membuat alternative solusi\",\"Menentukan Prioritas\",\"Melakukan perencanaan\"]}','[0]'),(87,'Quiz Komunikasi Dalam Mentoring','multiple_choice','','','Alat Bantu dalam Penyelesaian Masalah salah satunya adalah PDCA, singkatan dari','{\"type\":\"text\",\"options\":[\"Purpose, Do, Check, Action\",\"Plan, Do, Check , Action\",\"Program, Do, Check, Alternative\"]}','[0]'),(88,'Quiz Komunikasi Dalam Mentoring','multiple_choice','','','Ketika menghadapi beberapa masalah secara bersamaan, maka yang sebaiknya dilakukan adalah','{\"type\":\"text\",\"options\":[\"Menyusun Prioritas untuk menentukan masalah yang harus diselesaikan\",\"Menggunakan logika dan opini\",\"Berpikir terbuka\"]}','[1]'),(89,'Quiz Komunikasi Dalam Mentoring','multiple_choice','','','Dalam proses PDCA langkah pertama yang dilakukan adalah','{\"type\":\"text\",\"options\":[\"Melakukan perbaikan\",\"Membuat rencana perbaikan\",\"Melakukan evaluasi perbaikan\"]}','[2]'),(90,'Quiz Komunikasi Dalam Mentoring','multiple_choice','','','Dalam PDCA proses Action adalah proses membuat','{\"type\":\"text\",\"options\":[\"Standardisasi\",\"Memperbaiki\",\"Mengevaluasi\"]}','[0]'),(91,'Quiz Komunikasi Dalam Mentoring','multiple_choice','','','Menyelesaikan tugas utama dengan cepat tepat dalam skala prioritas termasuk','{\"type\":\"text\",\"options\":[\"Penting, Tidak  Mendesak\",\"Penting dan Mendesak\",\"Tidak Penting namun Mendesak\"]}','[1]'),(92,'Quiz Komunikasi Dalam Mentoring','multiple_choice','','','Alat Bantu mana yang lebih efektif dalam merumuskan masalah','{\"type\":\"text\",\"options\":[\"5W +1H\",\"PDCA\",\"Fishbone\"]}','[1]'),(93,'Quiz Komunikasi Dalam Mentoring','multiple_choice','','','Bila proses perbaikan yang dilakukan ternyata tidak berhasil apa yang sebaiknya dilakukan','{\"type\":\"text\",\"options\":[\"Membuat rencana untuk mengubah proses perbaikan menjadi lebih baik\",\"Membuat standar perbaikan\",\"Membuat penjabaran proses perbaikan\"]}','[0]'),(94,'Quiz Komunikasi Dalam Mentoring','multiple_choice','','','Saat terbaik bagi seorang mentor mengajarkan peserta magang dalam menyelesaikan masalah adalah saat','{\"type\":\"text\",\"options\":[\"Peserta Magang menghadapi Permasalahan\",\"Saat diskusi di Kelas\",\"Saat melakukan evaluasi\"]}','[1]'),(95,'Quiz Penyelesaian Masalah','multiple_choice','','','Langkah pertama dalam Penyelesaian Masalah adalah','{\"type\":\"text\",\"options\":[\"Membuat Rencana\",\"Merumuskan Masalah\",\"Mencari Solusi\"]}','[1]'),(96,'Quiz Penyelesaian Masalah','multiple_choice','','','Dalam pengambilan keputusan salah satu kunci keberhasilan adalah','{\"type\":\"text\",\"options\":[\"Membuat alternative solusi\",\"Menentukan Prioritas\",\"Melakukan perencanaan\"]}','[1]'),(97,'Quiz Penyelesaian Masalah','multiple_choice','','','Alat Bantu dalam Penyelesaian Masalah salah satunya adalah PDCA, singkatan dari','{\"type\":\"text\",\"options\":[\"Purpose, Do, Check, Action\",\"Plan, Do, Check , Action\",\"Program, Do, Check, Alternative\"]}','[1]'),(98,'Quiz Penyelesaian Masalah','multiple_choice','','','Ketika menghadapi beberapa masalah secara bersamaan, maka yang sebaiknya dilakukan adalah','{\"type\":\"text\",\"options\":[\"Menyusun Prioritas untuk menentukan masalah yang harus diselesaikan\",\"Menggunakan logika dan opini\",\"Berpikir terbuka\"]}','[0]'),(99,'Quiz Penyelesaian Masalah','multiple_choice','','','Dalam proses PDCA langkah pertama yang dilakukan adalah','{\"type\":\"text\",\"options\":[\"Melakukan perbaikan\",\"Membuat rencana perbaikan\",\"Melakukan evaluasi perbaikan\"]}','[1]'),(100,'Quiz Penyelesaian Masalah','multiple_choice','','','Dalam PDCA proses Action adalah proses membuat','{\"type\":\"text\",\"options\":[\"Standardisasi\",\"Memperbaiki\",\"Mengevaluasi\"]}','[0]'),(101,'Quiz Penyelesaian Masalah','multiple_choice','','','Menyelesaikan tugas utama dengan cepat tepat dalam skala prioritas termasuk','{\"type\":\"text\",\"options\":[\"Penting, Tidak  Mendesak\",\"Penting dan Mendesak\",\"Tidak Penting namun Mendesak\"]}','[1]'),(102,'Quiz Penyelesaian Masalah','multiple_choice','','','Alat Bantu mana yang lebih efektif dalam merumuskan masalah','{\"type\":\"text\",\"options\":[\"5W +1H\",\"PDCA\",\"Fishbone\"]}','[0]'),(103,'Quiz Penyelesaian Masalah','multiple_choice','','','Bila proses perbaikan yang dilakukan ternyata tidak berhasil apa yang sebaiknya dilakukan','{\"type\":\"text\",\"options\":[\"Membuat rencana untuk mengubah proses perbaikan menjadi lebih baik\",\"Membuat standar perbaikan\",\"Membuat penjabaran proses perbaikan\"]}','[0]'),(104,'Quiz Penyelesaian Masalah','multiple_choice','','','Saat terbaik bagi seorang mentor mengajarkan peserta magang dalam menyelesaikan masalah adalah saat','{\"type\":\"text\",\"options\":[\"Peserta Magang menghadapi Permasalahan\",\"Saat diskusi di Kelas\",\"Saat melakukan evaluasi\"]}','[0]'),(105,'Quiz Mengelolah Stress dan Konflik','multiple_choice','','','Saat terbaik bagi seorang mentor mengajarkan peserta magang dalam menyelesaikan masalah adalah saat','{\"type\":\"text\",\"options\":[\"Peserta Magang menghadapi Permasalahan\",\"Saat diskusi di Kelas\",\"Saat melakukan evaluasi\"]}','[0]'),(106,'Quiz Mengelolah Stress dan Konflik','multiple_choice','','','Saat terbaik bagi seorang mentor mengajarkan peserta magang dalam menyelesaikan masalah adalah saat','{\"type\":\"text\",\"options\":[\"Peserta Magang menghadapi Permasalahan\",\"Saat diskusi di Kelas\",\"Saat melakukan evaluasi\"]}','[0]'),(107,'Quiz Mengelolah Stress dan Konflik','multiple_choice','','','Saat terbaik bagi seorang mentor mengajarkan peserta magang dalam menyelesaikan masalah adalah saat','{\"type\":\"text\",\"options\":[\"Peserta Magang menghadapi Permasalahan\",\"Saat diskusi di Kelas\",\"Saat melakukan evaluasi\"]}','[0]'),(108,'Quiz Mengelolah Stress dan Konflik','multiple_choice','','','Saat terbaik bagi seorang mentor mengajarkan peserta magang dalam menyelesaikan masalah adalah saat','{\"type\":\"text\",\"options\":[\"Peserta Magang menghadapi Permasalahan\",\"Saat diskusi di Kelas\",\"Saat melakukan evaluasi\"]}','[0]'),(109,'Quiz Mengelolah Stress dan Konflik','multiple_choice','','','Saat terbaik bagi seorang mentor mengajarkan peserta magang dalam menyelesaikan masalah adalah saat','{\"type\":\"text\",\"options\":[\"Peserta Magang menghadapi Permasalahan\",\"Saat diskusi di Kelas\",\"Saat melakukan evaluasi\"]}','[0]'),(110,'Quiz Mengelolah Stress dan Konflik','multiple_choice','','','Saat terbaik bagi seorang mentor mengajarkan peserta magang dalam menyelesaikan masalah adalah saat','{\"type\":\"text\",\"options\":[\"Peserta Magang menghadapi Permasalahan\",\"Saat diskusi di Kelas\",\"Saat melakukan evaluasi\"]}','[0]'),(111,'Quiz Mengelolah Stress dan Konflik','multiple_choice','','','Saat terbaik bagi seorang mentor mengajarkan peserta magang dalam menyelesaikan masalah adalah saat','{\"type\":\"text\",\"options\":[\"Peserta Magang menghadapi Permasalahan\",\"Saat diskusi di Kelas\",\"Saat melakukan evaluasi\"]}','[0]'),(112,'Quiz Mengelolah Stress dan Konflik','multiple_choice','','','Saat terbaik bagi seorang mentor mengajarkan peserta magang dalam menyelesaikan masalah adalah saat','{\"type\":\"text\",\"options\":[\"Peserta Magang menghadapi Permasalahan\",\"Saat diskusi di Kelas\",\"Saat melakukan evaluasi\"]}','[0]'),(113,'Quiz Mengelolah Stress dan Konflik','multiple_choice','','','Saat terbaik bagi seorang mentor mengajarkan peserta magang dalam menyelesaikan masalah adalah saat','{\"type\":\"text\",\"options\":[\"Peserta Magang menghadapi Permasalahan\",\"Saat diskusi di Kelas\",\"Saat melakukan evaluasi\"]}','[0]'),(114,'Quiz Mengelolah Stress dan Konflik','multiple_choice','','','Saat terbaik bagi seorang mentor mengajarkan peserta magang dalam menyelesaikan masalah adalah saat','{\"type\":\"text\",\"options\":[\"Peserta Magang menghadapi Permasalahan\",\"Saat diskusi di Kelas\",\"Saat melakukan evaluasi\"]}','[0]'),(115,'Quiz Etika dan Keberagaman','multiple_choice','','','Salah satu jawaban dibawah adalah bagian dari Integritas seorang Mentor','{\"type\":\"text\",\"options\":[\"Datang Tepat Waktu ke Kantor\",\"Menguasai Bidang Kerja\",\"Pemahaman yang Bagus terhadap Pekerjaan\"]}','[1]'),(116,'Quiz Etika dan Keberagaman','multiple_choice','','','Salah satu jawaban dibawah adalah bagian dari Etika Terpercaya bagi seorang Mentor','{\"type\":\"text\",\"options\":[\"Menguasai Pekerjaan dan Berpengalaman\",\"Selalu Datang Tepat Waktu\",\"Menghargai Peserta Magang\"]}','[0]'),(117,'Quiz Etika dan Keberagaman','multiple_choice','','','Salah satu jawaban dibawah adalah bagian dari Etika Bertanggung Jawab seorang Mentor','{\"type\":\"text\",\"options\":[\"Mentor harus Bertanggung Jawab terhadap semua pengetahuan yang diberikan\",\"Mentor harus bertanggung jawab terhadap Keadilan\",\"Mentor harus bertanggung jawab terhadap kesetaraan\"]}','[0]'),(118,'Quiz Etika dan Keberagaman','multiple_choice','','','Ketika suatu hari Peserta Magang berulang tahun dan membagikan kue kepada Mentor','{\"type\":\"text\",\"options\":[\"Bertanggung Jawab\",\"Menghargai\",\"Berintegritas\"]}','[1]'),(119,'Quiz Etika dan Keberagaman','multiple_choice','','','Ketika salah satu dari peserta magang yang ternyata juga adalah seorang kerabat dari pemilik perusahaan datang terlambat kekantor, dan Mentor pun menegurnya, hal ini adalah bagian dari Etika','{\"type\":\"text\",\"options\":[\"Menghargai\",\"Bertanggung Jawab\",\"Adil\"]}','[2]'),(120,'Quiz Etika dan Keberagaman','multiple_choice','','','Seorang mentor memiliki kemampuan dan pengalaman dalam bidangnya, bagian ini adalah','{\"type\":\"text\",\"options\":[\"Terpercaya\",\"Menghargai\",\"Adil\"]}','[0]'),(121,'Quiz Etika dan Keberagaman','multiple_choice','','','Seorang dari suku tertentu biasanya galak, pendapat ini dapat dikatakan sebagai','{\"type\":\"text\",\"options\":[\"Seterotip\",\"Komentar\",\"Sikap\"]}','[0]'),(122,'Quiz Etika dan Keberagaman','multiple_choice','','','Selain memahami keragaman suku, budaya, ritual, adat istiadat, seorang mentor huga harus memiliki sikap','{\"type\":\"text\",\"options\":[\"Toleransi dan Aktif\",\"Toleransi dan Saling Menghargai\",\"Toleransi dan Tindak Lanjut\"]}','[1]'),(123,'Quiz Etika dan Keberagaman','multiple_choice','','','Mentor harus dapat memberikan kesetaraan bagi peserta magang dari berbagai jenis kelamin, maksudnya','{\"type\":\"text\",\"options\":[\"Persamaan hak dan kewajiban diantara peserta magang yang beda jenis kelamin\",\"Rasio jumlah pria dan wanita\",\"Menempatkan diri secara proporsional\"]}','[0]'),(124,'Quiz Etika dan Keberagaman','multiple_choice','','','Salah satu bagian dari buruk sangka yang tidak boleh dimiliki oleh Mentor adalah','{\"type\":\"text\",\"options\":[\"Melihat Perbedaan sebagai ancaman\",\"Seterotip\",\"Membangun Kesetaraan\"]}','[1]'),(125,'Quiz Memberikan Evaluasi dan Umpan Balik','multiple_choice','','','Sebelum memberikan saran pengembangan, akan lebih baik bagi seorang mentor untuk membicarakan','{\"type\":\"text\",\"options\":[\"Kekuatan dan kelebihan peserta magang\",\"Kelemahan dan kesalahan peserta magang\",\"Target peserta magang\"]}','[0]'),(126,'Quiz Memberikan Evaluasi dan Umpan Balik','multiple_choice','','','Dalam memberikan umpan balik, salah satu jawaban dibawah ini adalah yang tidak boleh dilakukan oleh mentor','{\"type\":\"text\",\"options\":[\"Bersikap terbuka dan objektif\",\"Berikan hasil penilaian atau umpan balik\",\"Memberikan jadwal pelatihan\"]}','[2]'),(127,'Quiz Memberikan Evaluasi dan Umpan Balik','multiple_choice','','','Kriteria Evaluasi pelatihan yang baik adalah','{\"type\":\"text\",\"options\":[\"Mampu mengoptimalkan peserta magang\",\"Mampu membuat peserta magang mencapai Target yang telah ditetapkan\",\"Mampu membandingkan kualitas program pelatihan dengan standar yang ada\"]}','[2]'),(128,'Quiz Memberikan Evaluasi dan Umpan Balik','multiple_choice','','','Bagian yang sebaiknya ada dalam form penilaian adalah','{\"type\":\"text\",\"options\":[\"Skala Prioritas\",\"Aspek dan dimensi yang dinilai\",\"Jadwal Pelatihan\"]}','[1]'),(129,'Quiz Memberikan Evaluasi dan Umpan Balik','multiple_choice','','','Beberapa contoh Aspek keahlian/Teknis yang dinilai','{\"type\":\"text\",\"options\":[\"Ketrampilan spesifik, pengetahuan tentang peralatan\",\"Kehadiran dan disiplin\",\"Kerjasama\"]}','[0]'),(130,'Quiz Memberikan Evaluasi dan Umpan Balik','multiple_choice','','','Aspek apa saja yang perlu dievaluasi dari peserta magang','{\"type\":\"text\",\"options\":[\"Aspek Keahlian dan Perilaku\",\"Aspek Internal dan Eksternal\",\"Aspek Pribadi dan Lingkungan\"]}','[0]'),(131,'Quiz Memberikan Evaluasi dan Umpan Balik','multiple_choice','','','Ketika seorang mentor memberikan umpan balik, dan Peserta Magang cukup kecewa karena dia berharap cukup tinggi dari hasil kerjanya, apakah yang sebaiknya dilakukan oleh seorang Mentor','{\"type\":\"text\",\"options\":[\"Mendiamkan saja\",\"Berempati dan beri saran penguatan\",\"Meninggalkan peserta magang karena pekerjaan telah selesai\"]}','[2]'),(132,'Quiz Memberikan Evaluasi dan Umpan Balik','multiple_choice','','','Bagaimana membuat Peserta Magang agar Ilmu yang mereka perolah tidak mudah hilang','{\"type\":\"text\",\"options\":[\"Memberikan saran\",\"Anjurkan membuat Action Plan\",\"Memberikan nomor kontak\"]}','[2]'),(133,'Quiz Memberikan Evaluasi dan Umpan Balik','multiple_choice','','','Beberapa alat yang dapat digunakan dalam proses evaluasi','{\"type\":\"text\",\"options\":[\"Form Penilaian, Catatan Mentor, Jurnal Peserta\",\"Jadwal Pelatihan, Target Pelatihan, Materi Pelatihan\",\"Perjanjian antara Peserta Magang dengan Perusahaan\"]}','[0]'),(134,'Quiz Memberikan Evaluasi dan Umpan Balik','multiple_choice','','','Apa yang sebaiknya dijelaskan pada peserta magang pada saat pertemuan awal jadwal pelatihan agar mereka memahami apa yang harus dicapai','{\"type\":\"text\",\"options\":[\"Aspek dan Dimensi yang akan dinilai\",\"Target Perusahaan\",\"Sikap Kerja\"]}','[0]');
/*!40000 ALTER TABLE `questions` ENABLE KEYS */;
UNLOCK TABLES;

--
-- Table structure for table `users`
--

DROP TABLE IF EXISTS `users`;
/*!40101 SET @saved_cs_client     = @@character_set_client */;
/*!40101 SET character_set_client = utf8 */;
CREATE TABLE `users` (
  `username` varchar(20) NOT NULL,
  `password` varchar(255) DEFAULT NULL,
  `role` varchar(10) NOT NULL DEFAULT 'menthor',
  `fullname` varchar(255) NOT NULL,
  `phone` varchar(20) NOT NULL,
  `email` varchar(255) NOT NULL,
  `status` varchar(20) NOT NULL DEFAULT 'inactive',
  `status_code` tinyint(1) NOT NULL DEFAULT '0',
  `verification_code` varchar(10) NOT NULL,
  `password_key` varchar(10) NOT NULL DEFAULT '',
  `created` timestamp NOT NULL DEFAULT CURRENT_TIMESTAMP,
  PRIMARY KEY (`username`),
  UNIQUE KEY `users_phone_uindex` (`phone`)
) ENGINE=InnoDB DEFAULT CHARSET=latin1;
/*!40101 SET character_set_client = @saved_cs_client */;

--
-- Dumping data for table `users`
--

LOCK TABLES `users` WRITE;
/*!40000 ALTER TABLE `users` DISABLE KEYS */;
INSERT INTO `users` VALUES ('admin','b4f01dc26c6ef1880b99b93f1b15a1bc','admin','Admin','6282399239491','admin@gmail.com','active',1,'234567','','2020-08-15 18:04:03'),('andi','d28c33c4c66f9c471144193edae81fd2','menthor','andi faizal','6285255753542','andifaizal@example.com','active',1,'640166','','2020-03-21 01:33:22'),('aubree','79d9c4cdc009f586adb12de26eb9503d','menthor','Aubree Craig','62814241343','aubree.craig@example.com','active',1,'916885','','2020-03-21 01:34:02'),('christy','432f45b44c432414d2f97df0e5743818','menthor','Christy Morrison','62814540665','christy.morrison@example.com','active',1,'235815','','2020-03-21 01:33:22'),('gordon','7a034553a5cdf69f99e47814361b9721','menthor','Adrian Gordon','62814540165','adrian.gordon@example.com','active',1,'553116','','2020-03-21 01:33:22'),('hector','76b33441334a9175cc9d405ef1d4e6a4','menthor','Hector Rice','62814241241','hector.rice@example.com','inactive',0,'861603','','2020-03-21 01:33:22'),('johndoe','827ccb0eea8a706c4c34a16891f84e7b','admin','john doe','62814540623','johndoe@gmail.com','active',1,'195174','','2020-03-21 01:33:22'),('natalie','08956bea986142a596e52bab10287fb7','menthor','Natalie Edwards','62814540669','natalie.edwards@example.com','inactive',0,'451075','','2020-03-21 01:33:22'),('ruby1252210','a498b3fca3ea3c5087af0b6d5961173f','menthor','Ruby Barrett10','6281202319010','ruby.barret10@exmwle.co','inactive',0,'955280','','2020-04-04 08:55:40'),('ruby1252211','0bbcfed19054b40abcde6f2a5fe5f3bc','menthor','Ruby Barrett11','6281202319011','ruby.barret11@exmwle.co','inactive',0,'345870','','2020-04-04 08:56:34'),('ruby1252212','3459d5678bd2beebd3f50519a53a2767','menthor','Ruby Barrett12','6281202319012','ruby.barret12@exmwle.co','inactive',0,'683529','','2020-04-04 09:01:32'),('ruby1252213','8c9d66c98ddab912fa417167b3db5c68','menthor','Ruby Barrett13','6281202319013','ruby.barret13@exmwle.co','inactive',0,'053367','','2020-04-04 09:10:54'),('ruby1252214','be1b2c06f55affb055e4e86483f3281d','menthor','Ruby Barrett134','6281202319014','ruby.barret14@exmwle.co','inactive',0,'401834','','2020-04-04 09:16:41'),('ruby1252215','4569ebe3441617f418aac27fa0c2d7f1','menthor','Ruby Barrett135','6281202319015','ruby.barret15@exmwle.co','inactive',0,'957092','','2020-04-04 09:24:40'),('ruby1252216','4c05cfa331e9dc8de9e5ae7c3f960c51','menthor','Ruby Barrett136','6281202319016','ruby.barret16@exmwle.co','inactive',0,'191128','','2020-04-04 09:25:03'),('ruby1252217','8adf7e0fb75700f53def2bcded3bbc4c','menthor','Ruby Barrett137','6281202319017','ruby.barret17@exmwle.co','inactive',0,'327238','','2020-04-04 09:25:51'),('ruby1252218','a8961d3e2ab2c22e71b36148909bc3f3','menthor','Ruby Barrett138','6281202319018','ruby.barret18@exmwle.co','inactive',0,'068190','','2020-04-04 09:27:15'),('ruby125222','4efe08273d197321e19bfb4652677971','menthor','Ruby Barrett2','6281202319212','ruby.barret2@exmwle.co','active',1,'745093','','2020-04-01 09:26:10'),('ruby125224','827ccb0eea8a706c4c34a16891f84e7b','menthor','Ruby Barrett4','6281202319214','ruby.barret4@exmwle.co','active',1,'001988','','2020-04-02 05:48:25'),('ruby125225','ec6c99aa0afcff23459efbe520ccc019','menthor','Ruby Barrett5','6281202319215','ruby.barret5@exmwle.co','active',1,'473461','','2020-04-02 06:00:36'),('ruby125226','e4845521f6f047da2250580c15b568a2','menthor','Ruby Barrett6','6281202319216','ruby.barret6@exmwle.co','active',1,'674466','','2020-04-02 06:22:32'),('ruby125227','10b9955070c8964898688b017df853a7','menthor','Ruby Barrett7','6281202319217','ruby.barret7@exmwle.co','active',1,'790747','','2020-04-02 06:24:36'),('ruby125228','fc1da392f171e6d4bdd29fcfb15a4388','menthor','Ruby Barrett8','6281202319218','ruby.barret8@exmwle.co','active',1,'141900','','2020-04-02 06:25:30'),('ruby125229','a0eb7deafd91460c9e9bfc1fd4b5aa40','menthor','Ruby Barrett9','6281202319219','ruby.barret9@exmwle.co','inactive',0,'242566','','2020-04-02 16:50:57'),('silverswan131','36e5371ad91c9d2d09e9d7c0e76055db','menthor','brad gibson','62814540666','brad.gibson@example.com','active',1,'273898','','2020-03-21 01:33:22'),('soham','a0a8416e386c7bf4e5cae1c362106e95','menthor','Soham Lewis','62814540662','soham.lewis@example.com','inactive',0,'210684','','2020-03-21 01:33:22'),('stanley','64202a21204b1bfc334590c028bab2bf','menthor','Jo Stanley','62814540345','jo.stanley@example.com','inactive',0,'394676','','2020-03-21 01:33:22'),('testreg01','3f1a22881e9be48e5cba720b5a806fa9','menthor','testreg01','6285255753543','testreg01@gmail.com','inactive',0,'672637','021673','2020-04-17 21:08:33'),('testreg03','25d55ad283aa400af464c76d713c07ad','menthor','test registration 03','6285255753539','testreg03@yahoo.co.id','active',1,'372421','959892','2020-04-26 00:59:17'),('testreg08','1d5a68a6b82e9863476ded66110b07e9','menthor','testreg08','6285277485746','testreg08@gmail.com','inactive',0,'936242','','2020-06-06 14:05:09'),('testreg09','1963c9eacc1337a3659673826e53ac11','menthor','testreg09','6285277485747','testreg09@gmail.com','active',1,'805629','','2020-06-06 14:09:41'),('testreg10','011f4326063f627d36dc34e1ad7ba199','menthor','testreg10','6285277485748','testreg10@gmail.com','inactive',0,'336644','','2020-06-06 14:18:21'),('testreg11','438f4ee0cae25206dc18a72920f2d88b','menthor','testreg11','6285277485749','testreg11@gmail.com','active',1,'175809','','2020-06-06 14:23:41'),('testreg12','d6f9064847def2aeffcb4e0232956764','menthor','testreg12','6285277485750','testreg12@gmail.com','active',1,'828816','','2020-06-06 14:25:30'),('testreg13','c5fef9fabad21496d5c3abc846a8da40','menthor','testreg13','6285277485790','testreg13@gmail.com','active',1,'567358','','2021-05-22 14:25:22'),('testtwilio01','d05294a0fae4974ef8a53b878d23019e','menthor','testtwilio01','6285255753540','testtwilio01@gmail.com','inactive',0,'880390','','2020-04-04 09:36:37'),('testtwilio02','803c3849232db8205ef0c1e5697321c5','menthor','testtwilio02','6285255753541','testtwilio02@gmail.com','inactive',0,'609247','','2020-04-04 09:39:09'),('testtwilio03','4f04e252dec29549f3ac4a94e27614b2','menthor','testtwilio03','6281202319020','testtwilio03@gmail.com','inactive',0,'424300','','2020-04-04 09:50:15'),('testtwilio04','88eeb0134b88dfb822d15840b9655cb7','menthor','testtwilio04','6281202319021','testtwilio04@gmail.com','inactive',0,'182658','','2020-04-04 09:50:49'),('testtwilio05','9031592834611175f9f7d218810e0224','menthor','testtwilio05','6281202319022','testtwilio05@gmail.com','inactive',0,'496506','','2020-04-04 09:52:16'),('testtwilio06','46ecb7549d0a9446cc090d47f680e5a0','menthor','testtwilio06','6281202319023','testtwilio06@gmail.com','inactive',0,'433221','','2020-04-04 09:55:58'),('testtwilio07','3d8d6432a6ee4dfba241b8639792ad66','menthor','testtwilio07','6281202319024','testtwilio07@gmail.com','inactive',0,'630345','','2020-04-04 10:02:25'),('testtwilio08','a611633ab1a12bf4d3782df52600d858','menthor','testtwilio08','6281202319025','testtwilio08@gmail.com','inactive',0,'856031','','2020-04-04 10:04:53'),('testtwilio09','08ecada2a0f7002e3341e938df30a954','menthor','testtwilio09','6281202319026','testtwilio09@gmail.com','inactive',0,'844717','','2020-04-04 10:17:13'),('wanda','295ae6bbb074b556aa716b53a8ad9a9f','menthor','Wanda Alexander','62814541345','wanda.alexander@example.com','inactive',0,'301429','','2020-03-21 01:33:22'),('Winifred','a7fd1c347fb59fca780b86c367632b68','menthor','Winifred Ferenc','62814540661','wferenc0@oracle.com','active',1,'997606','','2020-03-21 01:33:22');
/*!40000 ALTER TABLE `users` ENABLE KEYS */;
UNLOCK TABLES;
/*!40103 SET TIME_ZONE=@OLD_TIME_ZONE */;

/*!40101 SET SQL_MODE=@OLD_SQL_MODE */;
/*!40014 SET FOREIGN_KEY_CHECKS=@OLD_FOREIGN_KEY_CHECKS */;
/*!40014 SET UNIQUE_CHECKS=@OLD_UNIQUE_CHECKS */;
/*!40101 SET CHARACTER_SET_CLIENT=@OLD_CHARACTER_SET_CLIENT */;
/*!40101 SET CHARACTER_SET_RESULTS=@OLD_CHARACTER_SET_RESULTS */;
/*!40101 SET COLLATION_CONNECTION=@OLD_COLLATION_CONNECTION */;
/*!40111 SET SQL_NOTES=@OLD_SQL_NOTES */;

-- Dump completed on 2022-02-26 16:00:05
